Product Model,Count,Percentage
TV BOX,504261,11.38%
HiDPTAndroid Hi3751V350,451420,10.18%
TVBOX,433357,9.78%
SMART_TV,371693,8.38%
SmartTV,329533,7.43%
Smart,221684,5.00%
XBOX,158958,3.59%
SMART TV,126132,2.85%
MX10,103806,2.34%
Android,86363,1.95%
AndroidTV,80508,1.82%
(empty),75242,1.70%
X96Q,69540,1.57%
rk3326_sgo,68022,1.53%
HY300,65038,1.47%
P200,55379,1.25%
TB009KA,54176,1.22%
Smart box TV 4K,41695,0.94%
rk3566_sgo,27878,0.63%
Smart_Projector,27104,0.61%
X96Q PRO,22696,0.51%
TVR3,20128,0.45%
KM22,19118,0.43%
TX6698,19065,0.43%
D95G,18389,0.41%
SuperBOX_S6MAX,16948,0.38%
SMARTPHONE,16776,0.38%
SuperBOX_S3PRO,16649,0.38%
I-905,16556,0.37%
Q96,16007,0.36%
NXMY,15756,0.36%
M98 PRO,15587,0.35%
MyBox,15535,0.35%
R4,15521,0.35%
TX60PRO,13347,0.30%
Hightv brasil plus,13096,0.30%
SuperBOX_S2PRO,12534,0.28%
SuperBOX_S4PRO,12292,0.28%
MXQPRO,10459,0.24%
hi352t_zsn3,9433,0.21%
Transpeed,9362,0.21%
Projector_T6P,9248,0.21%
E10,9133,0.21%
INTV-110,9084,0.20%
AT_SmartScreen,8697,0.20%
RealtekATV,8677,0.20%
I96 8K,8416,0.19%
HiDPTAndroid Hi3751V560,8298,0.19%
Q96MAX,8200,0.18%
X96mini,8151,0.18%
MDTV,8055,0.18%
Smart TV,8046,0.18%
M96mini,7625,0.17%
TV98,7617,0.17%
HB+TV,7453,0.17%
ATMACA_SmartTV,7351,0.17%
tx90pro,6862,0.15%
NET1,6841,0.15%
S168,6802,0.15%
SMART_TV_4277,6580,0.15%
M98-M9,6443,0.15%
lstGEN,6022,0.14%
hi352l_ek_zsn3,5983,0.13%
SMART_TV_3277,5784,0.13%
hi352t_zsn4in,5212,0.12%
SuperBOX_S6Ultra,4998,0.11%
IBEK,4681,0.11%
LAT-T96M/16,4623,0.10%
SuperBOX_S6PRO,4619,0.10%
None,4216,0.10%
MiTV-AYFR0,4101,0.09%
Pla25,4092,0.09%
D100,4092,0.09%
D9Q,4059,0.09%
Bra55,4030,0.09%
T96mini,4013,0.09%
Cable Color,3999,0.09%
android TV,3975,0.09%
Vis40,3945,0.09%
Smx28,3940,0.09%
Smartix,3939,0.09%
SuperBOX_S5MAX,3939,0.09%
Pla45,3921,0.09%
Reb54,3915,0.09%
Max400,3872,0.09%
PlayBox,3869,0.09%
Lin42,3855,0.09%
Vis60,3852,0.09%
Pla65,3852,0.09%
Vx58,3849,0.09%
Funix,3841,0.09%
S500,3835,0.09%
Pro500,3818,0.09%
Reb34,3812,0.09%
B300,3805,0.09%
Nex30,3800,0.09%
Visio,3798,0.09%
Vx38,3795,0.09%
MXQ-4K,3795,0.09%
Swift,3791,0.09%
C200,3782,0.09%
F200,3772,0.09%
Bra35,3771,0.09%
Vx18,3771,0.09%
Ultra600,3769,0.09%
Smx68,3767,0.08%
Swi52,3764,0.08%
Nex10,3733,0.08%
Swi32,3715,0.08%
A100,3714,0.08%
Fux56,3706,0.08%
G400,3703,0.08%
Reb14,3680,0.08%
Fux16,3676,0.08%
Lin22,3672,0.08%
TX2,3659,0.08%
E300,3656,0.08%
Lin62,3656,0.08%
MEGA PLUS GOLD,3652,0.08%
LinkBox,3638,0.08%
Bra15,3633,0.08%
Swi12,3620,0.08%
Fux36,3583,0.08%
Brainy,3572,0.08%
ViewX,3565,0.08%
Vis20,3539,0.08%
Smx48,3534,0.08%
Nex50,3523,0.08%
X96QPRO,3431,0.08%
Projector,3425,0.08%
hi352t_zsn3_a14,3347,0.08%
Tourobox_V2,3336,0.08%
be30a3,3333,0.08%
tx9 pro max,3328,0.08%
PeiningTV,3316,0.07%
t950s_be311,3242,0.07%
TV2026M26,3045,0.07%
CBOX 3.0,2952,0.07%
hi352t_zsn3_an12,2846,0.06%
hi352t_zsn3_ar,2828,0.06%
KingsPro,2802,0.06%
M3,2778,0.06%
kh9,2744,0.06%
TVCOM,2648,0.06%
SA-16ULTRA,2634,0.06%
android,2547,0.06%
MBOX,2520,0.06%
LU-V78,2477,0.06%
PROSB2016PRO,2462,0.06%
SA-16PRO,2460,0.06%
R1,2459,0.06%
hi352l_zsn3,2443,0.06%
MagicPlus,2415,0.05%
IM2,2415,0.05%
KH3,2332,0.05%
M96TV stick,2306,0.05%
NTM,2304,0.05%
AOSP smart display on pioneer5,2277,0.05%
I96 D1 ATV,2233,0.05%
ADV-3203A,2215,0.05%
kh3,2112,0.05%
TX100PRO5G,2102,0.05%
NOGAPC ULTRA,2063,0.05%
SmartTv,2052,0.05%
TX3mini,1995,0.05%
ADT-3,1962,0.04%
KM22_PRO,1929,0.04%
MStar Android TV,1883,0.04%
TX30PRO 5G,1880,0.04%
K5,1866,0.04%
SS-BOX1,1827,0.04%
SMOON_220T,1824,0.04%
hi352l_zsn4in,1812,0.04%
at30a7,1804,0.04%
REF-V808,1799,0.04%
SuperBOX_S5PRO,1731,0.04%
TX9 PRO,1714,0.04%
ST6681CP201S08_AP,1652,0.04%
INTERBRAS,1649,0.04%
M626,1648,0.04%
KM23,1604,0.04%
A3,1574,0.04%
SuperBOX_Elite2,1569,0.04%
Prime OTT Pro P10,1565,0.04%
S3PRO,1560,0.04%
X96NEW,1554,0.04%
M1,1551,0.03%
Elite3,1542,0.03%
TX100 PRO 5G,1518,0.03%
TV2025M25,1502,0.03%
Gravity TV BOX,1494,0.03%
TX100 pro,1450,0.03%
M2,1448,0.03%
NEK7,1445,0.03%
C26,1444,0.03%
G1,1411,0.03%
Stream Core,1398,0.03%
YC12,1389,0.03%
F-20E,1380,0.03%
9S,1378,0.03%
GameBox,1372,0.03%
T96C,1357,0.03%
SmartATV,1328,0.03%
TX2000PRO-5G,1318,0.03%
M98-Y9,1303,0.03%
KKRAO,1260,0.03%
D9R1,1207,0.03%
AOSP smart display low ram on pioneer5,1153,0.03%
ohh,1150,0.03%
WISI ORVSTB103,1136,0.03%
M98PRO,1135,0.03%
JNK,1133,0.03%
TX500PRO,1120,0.03%
MIY-MXPRO16BT,1108,0.02%
PROJECTOR,1092,0.02%
KEZU,1081,0.02%
KM1_QM0202V,1074,0.02%
TVB-808G,1073,0.02%
PB-2023,1068,0.02%
K2N,1066,0.02%
T96,1058,0.02%
TX30 Pro,1045,0.02%
GUDDI,1035,0.02%
Android Smart TV,1031,0.02%
V88,1007,0.02%
Super Prime SP10,994,0.02%
V96Q,993,0.02%
Tela Smart,990,0.02%
P200W,985,0.02%
TX100PRO,983,0.02%
hi352t_zsn4in_a14,977,0.02%
S16 PLUS GOLD,971,0.02%
9P,970,0.02%
AN-218,944,0.02%
KM13,932,0.02%
Mecool,929,0.02%
H98PRO,927,0.02%
RL02,926,0.02%
TX50 pro,916,0.02%
T96MINI,910,0.02%
VK-T96C,905,0.02%
PROSB2016PROW,900,0.02%
TX20PRO,893,0.02%
Q98PRO,892,0.02%
hi352l_zsn4,883,0.02%
K32DLX9HS,878,0.02%
TX9,845,0.02%
p291,827,0.02%
X25,819,0.02%
V88mini,806,0.02%
Tamam OTT,791,0.02%
M96+,790,0.02%
MX9,790,0.02%
LED43R7398K,788,0.02%
50IUAO1SVM,786,0.02%
MF-MQX02,784,0.02%
T96Mini +,779,0.02%
hi352t_zsn4_a14,774,0.02%
MAX OTT PRO,765,0.02%
T96 Mars,762,0.02%
TX10PRO,761,0.02%
Q-T9,760,0.02%
SuperStream_M1,752,0.02%
SuperBOX_Elite,751,0.02%
GLBox_HD500,746,0.02%
M96color,745,0.02%
M8S PLUS,727,0.02%
TV STICK,725,0.02%
Q4+PRO,725,0.02%
Q4mini,724,0.02%
QH12a,716,0.02%
hi352t_zsn4_an12,713,0.02%
S8 Mini Go,712,0.02%
ADV-3204A,686,0.02%
myair tv,679,0.02%
Lamtech,676,0.02%
JD9255E_YQ356,674,0.02%
ZipSmart Prime,672,0.02%
p281,665,0.02%
P100M,661,0.01%
DREAMSTAR A4,658,0.01%
BT20,646,0.01%
TX200PRO,646,0.01%
PALFLIX,643,0.01%
X96,641,0.01%
HKC,641,0.01%
google,624,0.01%
MX9PLUS,623,0.01%
HD801 4K,622,0.01%
DVB1699,620,0.01%
ULTRA-LINK,620,0.01%
ST9255ABCP201Z08,611,0.01%
Kolke,604,0.01%
K40DLX9FS,600,0.01%
TV2025M26,579,0.01%
MonsterBOX_X1MAX,574,0.01%
SMOON_230T,571,0.01%
EliteUltra,559,0.01%
hi352t_zsn3_ar_a14,558,0.01%
TX3 Pro,557,0.01%
S905W2_464,557,0.01%
Q5Gmini,554,0.01%
X88plus,551,0.01%
TX1000PRO-5G,550,0.01%
X3Plus,540,0.01%
hi352l_zsn3_cast,539,0.01%
Q96 STICK,539,0.01%
C58E,539,0.01%
T96D,537,0.01%
HY320mini,537,0.01%
D9Q5G,522,0.01%
MAXIMUS 5.0,512,0.01%
hi352t_zsn4_an12_hc,510,0.01%
10P,510,0.01%
V1Nano,504,0.01%
Android_TV,501,0.01%
SuperBOX_Supreme,494,0.01%
TouroboxPro,486,0.01%
TX20 pro,475,0.01%
OLETV-2GB,472,0.01%
TX40 pro,469,0.01%
SuperStream_M2,469,0.01%
Android TV,468,0.01%
ST9632EP102S08_AP,465,0.01%
10S,455,0.01%
G96mini,453,0.01%
H-X,442,0.01%
ElitePlus,440,0.01%
MJ10,438,0.01%
hi352t_zsn3_an12_hc,430,0.01%
ST9255ABCP101Z08,429,0.01%
EVPAD-6GEN-D,426,0.01%
TX30PRO-5G,426,0.01%
ELE-GATE,420,0.01%
B9,416,0.01%
ATM30,414,0.01%
HEMCO,408,0.01%
I96KING,407,0.01%
ISG,405,0.01%
Game_BOX,402,0.01%
LAT-T96,402,0.01%
T972_2G_WWT,401,0.01%
Android 4K,398,0.01%
I968KPLUS,397,0.01%
ABSL_432,396,0.01%
KM7SE,396,0.01%
QG9,392,0.01%
LED32R7298K,383,0.01%
SMOON_240T,382,0.01%
K24DLX10HS,376,0.01%
Andbox,375,0.01%
B.13,373,0.01%
110,371,0.01%
VK-TB20,370,0.01%
GAME_BOX,368,0.01%
LOOK-Y1,367,0.01%
A95X F3 Air,367,0.01%
TX3 Mini-A3,353,0.01%
T55GF1SBD,349,0.01%
MYMobile,349,0.01%
D9 Max 5G-A1,346,0.01%
OCBN,340,0.01%
ATOM-108RK,336,0.01%
MMC-B19,334,0.01%
K24DLX11HS,334,0.01%
Binge,332,0.01%
S905W2_216,326,0.01%
hi560_zsn3_a14,325,0.01%
VIZONY_Q8,323,0.01%
S12 PLUS GOLD,320,0.01%
Cruzetv Hybrid 3 tuner,319,0.01%
BP-TV130,318,0.01%
MonsterBOX_X1PRO,318,0.01%
HLED-32HDDGSMT-8G,315,0.01%
ST-A2,314,0.01%
HiDPTAndroid_Hi3751V350,311,0.01%
V1PRO,310,0.01%
TVBOXRK,308,0.01%
Q5mini,304,0.01%
H98MINI,303,0.01%
RK3228,303,0.01%
4K BOX,302,0.01%
Perfeo_PF_A4551,301,0.01%
KSM,300,0.01%
K7,297,0.01%
MF-MQX01,294,0.01%
TX3MINI,293,0.01%
ZC-401P,292,0.01%
X96PLUS,291,0.01%
V5,289,0.01%
FY800,288,0.01%
hi352t_zsn4_cast_an12,287,0.01%
W2,287,0.01%
Via-LSTB,283,0.01%
U10,283,0.01%
MXQPLUS,280,0.01%
I96 PRO,280,0.01%
ASG,279,0.01%
SMART_TV_4577,278,0.01%
HY300-A,278,0.01%
Vala Plus 4,277,0.01%
Q3mini,277,0.01%
MXV-4K,274,0.01%
K24DLX9HS,274,0.01%
Impala,274,0.01%
SuperBOX_ElitePlus,274,0.01%
G1PRO,271,0.01%
TEH-500 PLUS,271,0.01%
I96Q_TV,269,0.01%
TV6586_DVB,267,0.01%
SC9105,263,0.01%
I96 PRO ATV,262,0.01%
MAX TV GAMER,261,0.01%
SuperTV_S2,257,0.01%
TVPAD 8K 2020,252,0.01%
AHD9000,251,0.01%
Trivision TV,250,0.01%
SR-X50W,249,0.01%
MICOM,248,0.01%
Tourobox Pro,246,0.01%
BEECUBE XTREME,245,0.01%
E05i33,242,0.01%
X96NEWBT,237,0.01%
SA01,237,0.01%
OKLA_K12,235,0.01%
MX9-5G,229,0.01%
V4,227,0.01%
YC16,227,0.01%
STV_STV1,224,0.01%
UNT402A,224,0.01%
Projector_T269,223,0.01%
OPTIX,221,0.00%
MXBOX,218,0.00%
S905W2_432,215,0.00%
X1 plus,213,0.00%
TLE-43FSBM,212,0.00%
TY265,211,0.00%
UMST Q1,210,0.00%
My Stick,210,0.00%
Perfeo_PF_A4553,210,0.00%
SStream_M4PRO,207,0.00%
GplusTV,206,0.00%
Z6-R,206,0.00%
810,204,0.00%
LED50OT-G7J11,198,0.00%
Q96L2,197,0.00%
Q8,197,0.00%
B860H V5.0,197,0.00%
M98Max,193,0.00%
TY260,193,0.00%
JET SMART TV,191,0.00%
MECOOL K5,186,0.00%
F0-R14,186,0.00%
SHOWBOX,185,0.00%
DREAMSTAR B Series,184,0.00%
M98-Y2,183,0.00%
M96 tv stick,180,0.00%
TX9PRO,179,0.00%
projector,179,0.00%
Model . ilink 112,178,0.00%
I96 D3,177,0.00%
TX400Pro,177,0.00%
TLE-50USBM,174,0.00%
P3,174,0.00%
TLE-32SBM,174,0.00%
TX6,173,0.00%
V BOX,173,0.00%
EVPAD-10P,172,0.00%
TVPAD 6K 2020,172,0.00%
V100,172,0.00%
V10,168,0.00%
a5,167,0.00%
oppen,166,0.00%
MXQMAX,165,0.00%
EliteProPlus,163,0.00%
HG680_FJ,158,0.00%
D65A214-U-T2S2-S,158,0.00%
G98,158,0.00%
SMARTBOX PLUS,157,0.00%
HLED-24HDDGSMT-8G,157,0.00%
hi352t_zsn3_yem_a14,157,0.00%
ONE-108,157,0.00%
b12 plus,154,0.00%
VESTA_SMART_TV,154,0.00%
TX80PRO,153,0.00%
SmartTV-D50A114d,150,0.00%
smart_tv,150,0.00%
YD_TEC,150,0.00%
ATTL PRO 3,148,0.00%
AND10,143,0.00%
R90+,143,0.00%
ONE,140,0.00%
VIC 228A,139,0.00%
MXQ PLUS,138,0.00%
TV008,137,0.00%
Kiano Relax,136,0.00%
SBOX1,134,0.00%
NM-TVBOX1,133,0.00%
Q8K,133,0.00%
KJ-SMART4KPLUS,133,0.00%
MK PRO M1,133,0.00%
M96-H3,132,0.00%
FUN-TV,131,0.00%
Super HD 18,131,0.00%
HY300-R,130,0.00%
CYL-300,129,0.00%
Mundy-IPTV,127,0.00%
EA-204KUHD,125,0.00%
rk3528,124,0.00%
bt12+,123,0.00%
Selenga_A5,123,0.00%
TV-BOX,121,0.00%
24TP1HDTA1,121,0.00%
hi352t_zsn3_an12_hc_vi,120,0.00%
SELENGA_A3,120,0.00%
TAL 42TALHD,120,0.00%
Q96-M3,119,0.00%
Onn,119,0.00%
Smart_TV,119,0.00%
TV90,119,0.00%
32TP1HDTA1,118,0.00%
Mstar Android TV,115,0.00%
Model . ilink 113,114,0.00%
SM-S908E,113,0.00%
Mstar Android AV,113,0.00%
E9,113,0.00%
TVR3-s,112,0.00%
PROJECTOR-HSX1,111,0.00%
StreamX_X2PRO,111,0.00%
GAME BOX,109,0.00%
V96mini,109,0.00%
TX3 Mini,109,0.00%
3210G,109,0.00%
Greenet,108,0.00%
Q+11,108,0.00%
TV Plus,108,0.00%
LongTV LOUiE,107,0.00%
DH Max,106,0.00%
ZP.T906.R00,105,0.00%
V96Q PRO,105,0.00%
BT11,105,0.00%
X96Max_Plus2,104,0.00%
Royal Platinum,103,0.00%
X96Max_Plus_5,102,0.00%
tx9-pro-max,102,0.00%
ERZA X96Q,102,0.00%
TX60 PRO,101,0.00%
amazon IPTV,101,0.00%
UNT413G5_GD,101,0.00%
MXQ V8,100,0.00%
QX1,100,0.00%
HLED-39HDDGSMT-8G,99,0.00%
H96_Max_RK3528,99,0.00%
E08i33,99,0.00%
ohm,99,0.00%
HLQ-HY300 PRO,99,0.00%
V96Q SE,97,0.00%
D55A218-U-T2S2-S,96,0.00%
SC-TV95,95,0.00%
TV_SMART_50_SK,94,0.00%
OLYMMONS-G4,94,0.00%
TW.two,93,0.00%
OrcaTV_OTV1,93,0.00%
c11-5,93,0.00%
D50A114d-U-T2S2-S,91,0.00%
D50S214d-U-T2S2C-S,91,0.00%
SuperStream_Elite,91,0.00%
EVPAD-10P-999,90,0.00%
D415A114-F-T2-S,90,0.00%
K6,89,0.00%
Gleetech 18,88,0.00%
M box,88,0.00%
X96STICK,88,0.00%
TVBOXAW,86,0.00%
IGBOX PRO,86,0.00%
43U6510,86,0.00%
ap201,86,0.00%
FO-R12,86,0.00%
MXQPRO5G,86,0.00%
AMBOX,85,0.00%
Smart_tv,85,0.00%
sailfish,85,0.00%
DS4000,84,0.00%
RPC Plus,84,0.00%
MIY-MXPRO8BT,83,0.00%
Q96+,83,0.00%
MXQ PRO,82,0.00%
LK-TBX216,82,0.00%
SM-G973F,81,0.00%
TF-LED32S20T2S,81,0.00%
X-MEDIA,80,0.00%
CM311-5-ZG,80,0.00%
HT13,79,0.00%
unninet.connectcom,79,0.00%
R90,79,0.00%
SMART_TV_3277_1,78,0.00%
TX6898,78,0.00%
EVPAD-6GEN,78,0.00%
NETBOX_B68,77,0.00%
AMAZ-TV,77,0.00%
ADV-4001A,76,0.00%
EC6110M,76,0.00%
ATVBOX,76,0.00%
HT23Pro,75,0.00%
Magcubic,75,0.00%
PROJECTOR-D1,75,0.00%
SM-G975F,75,0.00%
DX-ONTV4KPLUS,74,0.00%
Multiverse LX1,74,0.00%
RoyaI_Line_IV_24_Smart_V11,74,0.00%
iX-MACAN,74,0.00%
DVS X3,74,0.00%
DA320Q,72,0.00%
HT23,72,0.00%
B862AV3.2-M,72,0.00%
B860AV5.1-M2,71,0.00%
55XT-UD2G64N,71,0.00%
dolpin,70,0.00%
KM9_TV_BOX,70,0.00%
Android TV 10K,70,0.00%
Pixel 3,70,0.00%
S1,69,0.00%
AIWA SMART TV,68,0.00%
Y02,68,0.00%
ORYX,67,0.00%
BW-V2,67,0.00%
D55A214-U-T2S2-S,66,0.00%
android_tv_box,65,0.00%
TV-211Z,65,0.00%
OFBY,64,0.00%
AiBox,64,0.00%
B860AV5.1-M2_3_HI,64,0.00%
LTV-5502_ANDROID_9,63,0.00%
Myairtv,63,0.00%
X96MINI,63,0.00%
TX6s,63,0.00%
HG680-LY,63,0.00%
X96Max_Plus,62,0.00%
D32A114-T2C-S,62,0.00%
SA-100PRO,62,0.00%
RK3566,62,0.00%
D60PROMAX,62,0.00%
HD890 4K,62,0.00%
MX10BOX,62,0.00%
H501,61,0.00%
X96_X4_Pro1,61,0.00%
HDTV,61,0.00%
HI3751,61,0.00%
YC_TEC,61,0.00%
D43A114-F-T2S2-S,61,0.00%
HK1-K8-V36,61,0.00%
hi352t,60,0.00%
20A01W8,60,0.00%
LUMOS RAY GEN2,59,0.00%
TX10mini,59,0.00%
Projector_X6,59,0.00%
43FHD,59,0.00%
B860AV3.2-M,59,0.00%
DOOM,58,0.00%
EVPAD-10S,58,0.00%
X96Q_PRO1,58,0.00%
Mediaroom,58,0.00%
Beamer 250R,58,0.00%
D415A214-F-T2-S,58,0.00%
TvBox,58,0.00%
Amlogic-1016,58,0.00%
SA-990PRO,57,0.00%
HiKING-HQ5,57,0.00%
K3,57,0.00%
TVBOX-5G,57,0.00%
newton,56,0.00%
MAXIMUS 6.0,56,0.00%
MX95G,56,0.00%
MXQ X,56,0.00%
Tubebox,55,0.00%
X99 DAIMOND,55,0.00%
D50S214d-U-T2S2-S,55,0.00%
ATV-X3PLUS,54,0.00%
X96Air_P3,54,0.00%
SignFeedEdge,53,0.00%
Astarite-Alpha,53,0.00%
Tx3pro,53,0.00%
MIY-MXQPRO16-BT,53,0.00%
MXQ-JOY-69,53,0.00%
VTVgo,52,0.00%
TRV-Xstream-SeRu,52,0.00%
CM211-1,52,0.00%
Lite 3,51,0.00%
TV_SMART_55_SK,51,0.00%
ALCAD,51,0.00%
DA430,51,0.00%
X10 PLUS,51,0.00%
TX68,51,0.00%
Prime 1.0,51,0.00%
Android 8K,51,0.00%
K8,50,0.00%
S905W,50,0.00%
TOX1,49,0.00%
SmartTV-D65N218,49,0.00%
M29255,49,0.00%
ST9255ABCP251Z04,49,0.00%
VUVA,49,0.00%
X8,49,0.00%
LINK,49,0.00%
TF-LED43S96T2SU,49,0.00%
LK-TBX18,49,0.00%
S905L3A,49,0.00%
amazon,48,0.00%
SM-G998B,48,0.00%
M98mini,48,0.00%
D43A114-U-T2S2-S,48,0.00%
KRAFT-KTV-G43UHD02T2CIWL,48,0.00%
hjbox866,48,0.00%
YHTV,48,0.00%
CM311-1sa-ZG2,47,0.00%
D43S214-U-T2S2-S,47,0.00%
SmartTv_31,47,0.00%
SStream_M3PRO,47,0.00%
Ceria 1,47,0.00%
GhostBox-X4-V38,47,0.00%
W2 ATV,46,0.00%
t950s_be30ak,46,0.00%
HIPER,46,0.00%
H96_Max_M1PLUS,46,0.00%
HiKING-HQ7,46,0.00%
DALEN U3,46,0.00%
Smart project,46,0.00%
H96_Max_H618_14,46,0.00%
rk3288,45,0.00%
Unionaire Smart TV,45,0.00%
X96Q2,45,0.00%
D58A212-U-T2-S,45,0.00%
32HTS01,45,0.00%
X98plus,44,0.00%
QF15a,44,0.00%
CM311-5s-ZG,44,0.00%
X98Q,43,0.00%
TV BOX IC,43,0.00%
NE2211,43,0.00%
H96 Max RK3318,43,0.00%
smartTv,43,0.00%
CM311-1sa-CH,43,0.00%
StreamX_X1PRO,43,0.00%
Tx3Mini,43,0.00%
TWBZ0120110179,43,0.00%
KD-L32E2FD,43,0.00%
HY320,43,0.00%
q201,42,0.00%
Y05,42,0.00%
D55A214-U-IS-S,42,0.00%
Smart Projector,42,0.00%
TOX3,41,0.00%
B860AV3.1-M,41,0.00%
Keen,41,0.00%
SStream_M3,41,0.00%
hi352l,40,0.00%
I96 Q1,40,0.00%
S905l3a,40,0.00%
X 5G,40,0.00%
Mytvbox,40,0.00%
AndroidTv,40,0.00%
M98Plus,40,0.00%
D55S215-U-T2-S,40,0.00%
Orbsmart_TR43,39,0.00%
D50A214D-U-IS-S,39,0.00%
D58A112-U-T2S2-S,39,0.00%
WildRed Shell ...,39,0.00%
X10_MAX,39,0.00%
MXQM:I,39,0.00%
Pulse,39,0.00%
MXQ PRO 8K,39,0.00%
C22-V6,39,0.00%
atvX,38,0.00%
RoyaI_Line_IV_22_Smart_V11,38,0.00%
CM311-5-CH,38,0.00%
X96Qpro,38,0.00%
ONEPLUS A5000,38,0.00%
CVM633A14T,37,0.00%
2XD,37,0.00%
EVBOX-6MAX,37,0.00%
X96Max_Plus_Ultra,37,0.00%
X6 PRO,37,0.00%
HG680-MC,37,0.00%
V18,37,0.00%
24HTS01,37,0.00%
TV6586_ISDB,37,0.00%
T9,37,0.00%
Projector X6,37,0.00%
5810,37,0.00%
OT-DVB31,36,0.00%
Smart71,36,0.00%
TF-LED43S08T2SU,36,0.00%
HKE360 IV,36,0.00%
F-1242,36,0.00%
HARPER,36,0.00%
E900V20C,36,0.00%
TX100,35,0.00%
NL5H00X,35,0.00%
MK PRO Ultimate,35,0.00%
HK1-K8S-RK-V25,35,0.00%
TX1,35,0.00%
S905L3B,35,0.00%
AL Gini  TV Box,35,0.00%
43F660TS,35,0.00%
Prime 4K,35,0.00%
X96Q_Pro1,34,0.00%
AK28,34,0.00%
EZR3,34,0.00%
TWBS20100065,34,0.00%
AK61,34,0.00%
905l3a,34,0.00%
KM15,33,0.00%
TF-LED55S10T2SU,33,0.00%
RT/U-CAL50S,32,0.00%
55Smart,32,0.00%
9088,32,0.00%
isinbox,32,0.00%
EXPECT,32,0.00%
X98mini,32,0.00%
HK1 Max,32,0.00%
X,32,0.00%
VOLTO,32,0.00%
D32S214-T2-S,32,0.00%
r34ay,31,0.00%
H96_Max_3518,31,0.00%
SMART_PHONE,31,0.00%
65JUT7500S,31,0.00%
D65A114-U-T2-S,31,0.00%
SMART HD,31,0.00%
AiTV,31,0.00%
LED-F4390STV,30,0.00%
I96Q TV,30,0.00%
TX 9s,30,0.00%
GTKing,30,0.00%
Atvbox-24 T96 Mars,30,0.00%
Q3569255,30,0.00%
X96Air_V2,29,0.00%
D55A114-U-T2S2-S,29,0.00%
huanglong,29,0.00%
BlueTV,29,0.00%
HDK8,29,0.00%
5G PRO,29,0.00%
BX,29,0.00%
R2 Max,28,0.00%
ABSL-432,28,0.00%
TX365Pro,28,0.00%
MINIQ3,28,0.00%
Camping_first_Smart_TV,28,0.00%
Hi3751,28,0.00%
MLT55USD02,28,0.00%
D50A214d-U-IS-S,28,0.00%
FullHD,28,0.00%
HINET,28,0.00%
AB-R35,27,0.00%
mt5867,27,0.00%
HKE360_VI,27,0.00%
V96,27,0.00%
32R670TS,27,0.00%
H96_Max_H313,27,0.00%
Annkelplus,27,0.00%
UsoNet_TV,27,0.00%
4K_TV,27,0.00%
X96Max_Plus_Q2,26,0.00%
Sheltech_Mini_Pro,26,0.00%
K32DLX10HS,26,0.00%
AOSP smart display overseas low ram on pioneer5,26,0.00%
Android Smart Ekran,26,0.00%
ST9255ABCP151Z04,26,0.00%
tiger,26,0.00%
SC-300+,26,0.00%
Splaybox,25,0.00%
SMOON_210T,25,0.00%
Hi3798MV300,25,0.00%
EZH5Pro,25,0.00%
Model-X3,25,0.00%
X3S,25,0.00%
D9,25,0.00%
X96Q_Max_Pro,25,0.00%
BRAZCAST,25,0.00%
Multiverse_LX7,25,0.00%
AndroidTV_14,25,0.00%
MK Crystal,25,0.00%
X96Max_Plus_A100,25,0.00%
D43A214-F-T2S2-S,25,0.00%
SmartTV-D55N218,25,0.00%
YYBox,25,0.00%
Q55SQY01-T2-S,25,0.00%
B863AV3.1-M2,24,0.00%
X96MATE_PLUS,24,0.00%
B2,24,0.00%
TV009,24,0.00%
BC13,24,0.00%
K32DLM8HS,24,0.00%
C10,24,0.00%
X2,24,0.00%
X3,24,0.00%
XYU Series,24,0.00%
PDPR2236,24,0.00%
Kiano_Elegance_32,24,0.00%
H2_Pro,24,0.00%
O500,24,0.00%
hi560_zsn3_an12,24,0.00%
H96_Max_M9,24,0.00%
D32S215-T2-S,24,0.00%
Monoz,23,0.00%
GTKing PRO,23,0.00%
W3,23,0.00%
MCD-767,23,0.00%
TX3,23,0.00%
250_2831P738_1G_4G_GOLDER_LC430DUY-SHA1_Russia,23,0.00%
mt9255t_ek_zsn3,23,0.00%
X96Q_PRO,23,0.00%
SmartTV-D58A214,23,0.00%
ATV-1,23,0.00%
RoyaI_Line_IV_19_Smart_V11,23,0.00%
AVEL-TV,23,0.00%
C2000,23,0.00%
WORLD TV Box,23,0.00%
D32A114-T2-S,23,0.00%
magic tv box,23,0.00%
RT2861,23,0.00%
MIY-MXQPRO8-BT,23,0.00%
SA044,23,0.00%
Z1,23,0.00%
MX10 PRO,23,0.00%
2700,22,0.00%
X96Max_Plus_100W,22,0.00%
TXCZ_RY001,22,0.00%
D415A114-F-T2S2-S,22,0.00%
FUNTV5,22,0.00%
X96Max_Plus_2101W,22,0.00%
D50A214D-U-T2-S,22,0.00%
TWBS20100066,22,0.00%
Q96M2,22,0.00%
TW.ONE,22,0.00%
D58A212-U-T2S2-S,21,0.00%
H96_Max_M9S,21,0.00%
8K PRO_5G,21,0.00%
K40DLM8FS,21,0.00%
DIAMOND,21,0.00%
VIVAX,21,0.00%
SM-G955F,21,0.00%
Zina+5,21,0.00%
MK PRO 5G,21,0.00%
D43S214-F-T2-S,21,0.00%
TF-LED65S02T2SU,21,0.00%
GL70181,21,0.00%
ATTO-IPTV,21,0.00%
HK1-K8-V33,21,0.00%
NIX_BR01,21,0.00%
TV Box 2,21,0.00%
K45,20,0.00%
FA6500SC,20,0.00%
PROJECT,20,0.00%
S96Q+,20,0.00%
X96Mini,20,0.00%
VONTAR X2,20,0.00%
X2S,20,0.00%
EVPAD-5P,20,0.00%
D65A114-U-T2S2-S,20,0.00%
T96Z,20,0.00%
RoyalPlatinum,20,0.00%
D32A214-IS-S,20,0.00%
DXBOTT,20,0.00%
D50S215d-U-T2-S,20,0.00%
Z8mini,20,0.00%
TF-LED58S03T2SU,19,0.00%
STV6980,19,0.00%
5GPRO,19,0.00%
D395A114-F-T2C-S,19,0.00%
X1,19,0.00%
SPIRIT,19,0.00%
D395A114-F-T2S2-S,19,0.00%
Ba-TY163,19,0.00%
D55N218-U-T2-S,19,0.00%
Qupi TV Start,18,0.00%
X96Air_A100,18,0.00%
EVPAD-6GENS,18,0.00%
55JUT7500S,18,0.00%
p230,18,0.00%
V4seminiPC,18,0.00%
TX30PRO5G,18,0.00%
LISTEN,18,0.00%
A9UHD,18,0.00%
R2 Plus,18,0.00%
vBox-3A01,18,0.00%
EVPAD-5S,18,0.00%
Smart_31,18,0.00%
Wellbox,18,0.00%
PRO02,18,0.00%
EVPAD-3PLUS,18,0.00%
TX98 PRO,18,0.00%
SankeyAndroidTV,18,0.00%
C20,18,0.00%
E900V22F,18,0.00%
rk3328_box,18,0.00%
20B01W9,18,0.00%
T10,18,0.00%
DUB-ULTRA,18,0.00%
PrimesuperHD,18,0.00%
SM-G988N,17,0.00%
EPLAY-6G,17,0.00%
iot_rpi3,17,0.00%
D60A114-U-T2-S,17,0.00%
D55N218-U-T2S2-S,17,0.00%
DH MAX,17,0.00%
D55A224-U-T2-S,17,0.00%
A95XF3_Air_II,17,0.00%
YH8,17,0.00%
X96Air_P2,17,0.00%
SKYLINE,17,0.00%
TX3 Mini-A6,17,0.00%
Tanix ultra pro max,17,0.00%
X30S,17,0.00%
GNGLD55,17,0.00%
UNT403G-2023,17,0.00%
TV-1016,17,0.00%
RX-43F01FB,17,0.00%
D50A114D-U-T2C-S,17,0.00%
X99 MAX+,17,0.00%
EVPAD-3PRO,16,0.00%
Gazer_TV,16,0.00%
X96Max_Plus2_T,16,0.00%
4K-Smart,16,0.00%
FAMI-3P,16,0.00%
SMART PROJECTOR,16,0.00%
ZJTV HK1X4S,16,0.00%
X96max,16,0.00%
H96 Max+,16,0.00%
SMART_TV_4277_1,16,0.00%
Gloria 55 Smart,16,0.00%
X88Pro13.smartTV.8800.F1010_1.0.0,16,0.00%
GTV2225_2306,16,0.00%
Pixel 2,16,0.00%
TranSpeed X4S,16,0.00%
M7,16,0.00%
AstariteUltraPlus,16,0.00%
M9,16,0.00%
D32A114-T2S2-S,16,0.00%
SMART Projector,16,0.00%
X30max,16,0.00%
TF-LED58S04T2SU,16,0.00%
V11,16,0.00%
D395S214-F-T2-S,16,0.00%
20A01W9,16,0.00%
TF-LED65S10T2SU,16,0.00%
D43A214-F-IS-S,16,0.00%
B8,16,0.00%
pendoo T95,16,0.00%
B860AV3.2-M_669,16,0.00%
SMART-TV,15,0.00%
hi352t_zsn3_an14_hc,15,0.00%
Monster,15,0.00%
B866F V1.1,15,0.00%
X96Max_Plus_Q1,15,0.00%
S905L3-3B,15,0.00%
KRAFT-KTV-G40FHD02T2CIWL,15,0.00%
TX9 Pro,15,0.00%
TVplus,15,0.00%
MQT75USD03,15,0.00%
AURORA PRO MKII,15,0.00%
T99,15,0.00%
X96mini_Plus1,15,0.00%
h6p3,15,0.00%
MXQ pro 8k,15,0.00%
TF-LED50S53T2SU,15,0.00%
T-Full HD Projector,15,0.00%
Drago TV Box,15,0.00%
D65A214-U-T2-S,15,0.00%
SH Diamond Plus TV Box,15,0.00%
H96_Max_V56,15,0.00%
6900USB W+/ SMILETec,15,0.00%
PJ05,15,0.00%
S905X,15,0.00%
H96_Max_3518_TS,14,0.00%
TECbox,14,0.00%
43ULX9060T2,14,0.00%
LUMI,14,0.00%
HG680-MY,14,0.00%
H96_Max_M2PLUS,14,0.00%
M3P,14,0.00%
246_2831P588_1G_4G_MIANHONG_GOLDER_LC320DXY-SLA6_DVBT2,14,0.00%
X98K,14,0.00%
E900V22C,14,0.00%
MYAIRTV,14,0.00%
TX9S,14,0.00%
EXBOM PJ-S300,14,0.00%
smart,14,0.00%
M8,14,0.00%
Tv43GU_GUAN,14,0.00%
24R490TS,14,0.00%
copper,14,0.00%
Mbox_Y4,14,0.00%
H-BOX,14,0.00%
FX-110,14,0.00%
XX,14,0.00%
M96H,14,0.00%
HG680-LC,14,0.00%
CM311-5-YS,14,0.00%
CMLDDW19i+2409,13,0.00%
H96_Max_X3,13,0.00%
rk3399-Android10,13,0.00%
Dolphin Stick,13,0.00%
CMLDDW27i+2401,13,0.00%
CHT2023,13,0.00%
tv32,13,0.00%
X96Max_Plus_100,13,0.00%
Made in Malaysia,13,0.00%
RLIV_Smart_19_V11,13,0.00%
D75RWS114-U-T2S2-S,13,0.00%
rk3566_r,13,0.00%
SmartTV-D82N218,13,0.00%
M98-Y3,13,0.00%
Nitro X3,13,0.00%
MiTV-AFKR0,13,0.00%
NEWBOX,13,0.00%
EVPAD-3MAX,13,0.00%
XTV,13,0.00%
L3A_ADD,13,0.00%
H10 MAX,12,0.00%
Smart_61,12,0.00%
EVBOX-10MAX,12,0.00%
I BOX,12,0.00%
4310L,12,0.00%
D50A224D-U-T2-S,12,0.00%
DA240Y,12,0.00%
M98-M5,12,0.00%
H9,12,0.00%
M98,12,0.00%
ST-50K-AZ1200-SMART,12,0.00%
TV98 5G,12,0.00%
T95Q max,12,0.00%
D43A214-U-T2S2-S,12,0.00%
EVPAD-3S,12,0.00%
FreeStream_max,12,0.00%
Smart_Tv,12,0.00%
B1 MAX,12,0.00%
H96_MAX_M12,12,0.00%
pendoo X11 PRO,12,0.00%
TF-LED32S74T2S,12,0.00%
D415A114-F-A-S,12,0.00%
Tanaka DM15,12,0.00%
skycom,12,0.00%
X96mini_RP,12,0.00%
EVPAD-3MY,12,0.00%
TB232-B2S,12,0.00%
D60PRO,12,0.00%
EASYTV-01-A,12,0.00%
dolphin,12,0.00%
CM211-1-ZG,12,0.00%
CMLDDW19i+2401,12,0.00%
SmartDevice,12,0.00%
HY320Mini,12,0.00%
D9 Air,12,0.00%
T1S,12,0.00%
mercurybox,12,0.00%
D32A214-T2S2-S,12,0.00%
8S,12,0.00%
SM-G9750,12,0.00%
B860AV3.1-M2,12,0.00%
32YST5970,11,0.00%
SberBox,11,0.00%
DREAMSTAR,11,0.00%
LIBEPO TB20,11,0.00%
TBOX TV,11,0.00%
Unionaire_Smart_TV,11,0.00%
FreedomTVstream,11,0.00%
JTAC,11,0.00%
FX 610,11,0.00%
EVPAD-10S-999,11,0.00%
DV9135N,11,0.00%
D43N218-F-T2S2-S,11,0.00%
am30am,11,0.00%
XY series,11,0.00%
AK63,11,0.00%
286_2831P588_1G_4G_MIANHONG_GOLDER_LC320DXY-SLA6_DVBT2,11,0.00%
Xwave,11,0.00%
ross,11,0.00%
EC6110,11,0.00%
POLAR_WK_P43U51T2SCSM,11,0.00%
D50A114D-U-A-S,11,0.00%
TF-LED50S02T2SU,11,0.00%
UniTV V10,11,0.00%
INV-U55G7U,11,0.00%
ASUS_I005DA,11,0.00%
AK60,11,0.00%
HT5,11,0.00%
MyTV,11,0.00%
Super Box,11,0.00%
StreamX_X2MAX,11,0.00%
SC-300,11,0.00%
MW-F88,11,0.00%
SmartTV-D75RWS114,10,0.00%
VG40SMTV,10,0.00%
ODROID-C4,10,0.00%
TX1000PRO 5G,10,0.00%
D50A114-U-T2-S,10,0.00%
EL564,10,0.00%
TVB-48025,10,0.00%
ROG-DensV2x_20210607,10,0.00%
OCTAStream_Q4ELITEP,10,0.00%
X96Max_V311R_P,10,0.00%
PREOATOR Z1,10,0.00%
TY1613,10,0.00%
BOX-2023,10,0.00%
EZR2+,10,0.00%
UHD500,10,0.00%
Projector-T9,10,0.00%
X88Pro13.smartTV.skw.F1010_1.0.0,10,0.00%
43JUT7500S,10,0.00%
SC-301,10,0.00%
DBOX,10,0.00%
Z3,10,0.00%
Super_HD_18,10,0.00%
X96MINI_11,10,0.00%
X96_X4_Pro,10,0.00%
Bengal for arm64,10,0.00%
Hi3751V350,10,0.00%
100 Pro Max,10,0.00%
SmartTV-D65S214,10,0.00%
SH Alpha TV Box,10,0.00%
CM311-1-ALL,10,0.00%
RX-32H01FB,10,0.00%
D395A214-F-IS-S,10,0.00%
KRAFT-KTV-G50UHD02T2CIWL,10,0.00%
PHILCO_ATV11,10,0.00%
YBOX,10,0.00%
TY-12864,10,0.00%
V39_HMS,10,0.00%
UNT403G_HN,10,0.00%
WS,10,0.00%
MXQpro,10,0.00%
CM311-5-YS_IPTV_HUNAN,10,0.00%
R2,9,0.00%
VISTA V8,9,0.00%
Quad905X3,9,0.00%
SM-G930F,9,0.00%
Video Max,9,0.00%
X98max,9,0.00%
CY303PRO,9,0.00%
amazonfire,9,0.00%
RTV50SG7N/B,9,0.00%
mt9255t_zsn4_in,9,0.00%
ST4302,9,0.00%
YC1,9,0.00%
D50A214D-U-T2S2-S,9,0.00%
EVPAD-5P+,9,0.00%
QQ86561014,9,0.00%
Goat,9,0.00%
N8 PLUS,9,0.00%
DTD55BU 4K SMART TV,9,0.00%
RLIV_Smart_22_V11,9,0.00%
Transpeed.10.100m,9,0.00%
D50A114D-U-T2S2-S,9,0.00%
MiTV-AZFP0,9,0.00%
LDDW22i+2308/10,9,0.00%
Q9,9,0.00%
D65A218-U-T2S2-S,9,0.00%
LDDW24i+2308/10,9,0.00%
HK1-K8-V31,9,0.00%
C911,9,0.00%
EVPAD-3R,9,0.00%
Worldmax TV,9,0.00%
TX3 mini,9,0.00%
55ULES90T2SM,9,0.00%
POLARLINE_WK_43PU11TC-SM,9,0.00%
CM311-5s-CH,9,0.00%
WORLD  TV Box,9,0.00%
EVPAD-PRO-T,9,0.00%
POLARLINE_W_32PL14TC-SM,9,0.00%
VMware Virtual Platform,9,0.00%
VS627,9,0.00%
TVBOX_TS2,9,0.00%
T95PRO,9,0.00%
PD-ATVBTD-BK,9,0.00%
IP103H,9,0.00%
ES15,9,0.00%
X3_T,9,0.00%
i96 TV BOX,9,0.00%
A001,8,0.00%
rk3568_r,8,0.00%
9 TS_8,8,0.00%
TranSpeed X4,8,0.00%
TX3 MAX,8,0.00%
K50DLM8FS,8,0.00%
K43DLJ10US,8,0.00%
Android_Smart_Ekran,8,0.00%
Elite360,8,0.00%
MXQ PRO 5G,8,0.00%
ABSL-216,8,0.00%
marconi,8,0.00%
MX10PRO,8,0.00%
GTV2455_2306,8,0.00%
Lifestyle,8,0.00%
SW55LED,8,0.00%
MX10 BOX,8,0.00%
HiDPTAndroid,8,0.00%
H96Max RK3318,8,0.00%
S9+,8,0.00%
Chikaku,8,0.00%
LED-PROJECT,8,0.00%
HK1 PLAY,8,0.00%
KRAFT-KTV-G32HD02T2CIWL,8,0.00%
COBRA,8,0.00%
HARPER 50U750TS,8,0.00%
JTACCAV160,8,0.00%
POLAR_W_P32L21T2SCSM,8,0.00%
D75RWS114-U-T2S2-S ,8,0.00%
Q96L3,8,0.00%
G24XP3094A,8,0.00%
SM-S938U,8,0.00%
SK,8,0.00%
D50A114D-U-T2-S,8,0.00%
RTV65SG7N/B,8,0.00%
M96W2,8,0.00%
D58A218-U-T2S2-S,8,0.00%
M6,8,0.00%
TV Stick,8,0.00%
ONEPLUS A3010,8,0.00%
D50S215-U-T2-S,8,0.00%
X96-Q,8,0.00%
MXQ-5G_edit,8,0.00%
X88promini.100m,8,0.00%
Mbox_Y4_T2,8,0.00%
GAME PRO,8,0.00%
rk3588s_q,8,0.00%
T98 PRO,8,0.00%
SuperBOX_S2PRO_V2,8,0.00%
TAB 100+,8,0.00%
X9mini,8,0.00%
TYS-01,8,0.00%
az litoral tech,8,0.00%
CM311-1a-ZG,8,0.00%
S905L3-3B qq86561014,8,0.00%
AirUItra,8,0.00%
UNT403G_IPTV_GS,8,0.00%
UNT403G,8,0.00%
15A-RMX,7,0.00%
SM-G9980,7,0.00%
ATV UI,7,0.00%
V1,7,0.00%
Mebox,7,0.00%
GLBox HD500,7,0.00%
MV15,7,0.00%
Jadoo7 Powered by Android,7,0.00%
H9pro,7,0.00%
X9TPRO,7,0.00%
H96_Max_M1,7,0.00%
GLOBAL_TV,7,0.00%
GLOBAL/VIP+,7,0.00%
REBORN,7,0.00%
CMLDDW19i+2406,7,0.00%
Orbsmart S86,7,0.00%
R1 mini,7,0.00%
INNOX s2 mini,7,0.00%
M200,7,0.00%
ASUS_Z01QD,7,0.00%
N.H352.819.253,7,0.00%
GNGLD50,7,0.00%
ADV-4301A PRO,7,0.00%
telecola,7,0.00%
M96-TVstick,7,0.00%
N5MAX,7,0.00%
X88Pro13.LGX6521S.8800.F1010,7,0.00%
K55DLJ10US,7,0.00%
D95GA,7,0.00%
V4miniPC,7,0.00%
SK platinum,7,0.00%
JVC-D82N218,7,0.00%
X88King,7,0.00%
Android-TV,7,0.00%
TF-LED55S17T2SU,7,0.00%
STV5578,7,0.00%
UNT413A,7,0.00%
Tourobox,7,0.00%
TB-216B2S,7,0.00%
D9PRO5G,7,0.00%
KK500,7,0.00%
306_2831P588_1G_4G_MIANHONG_Burma_BLANK_HV320WHB-N86_DVBT2,7,0.00%
SD500,7,0.00%
redroid13_arm64,7,0.00%
SKYLINE_50UST5970,7,0.00%
HKTV BOX,7,0.00%
X88pro10.q2.0.6330.d4,7,0.00%
Actron Tv box,7,0.00%
H96_Max_H728,7,0.00%
VISION XS100MINI+,7,0.00%
X96Q_Max_P,7,0.00%
HK1-K8-V34,7,0.00%
i5 PRO,7,0.00%
T8 Max,7,0.00%
UNT403G-U4_ZJ,7,0.00%
TV-22F,7,0.00%
HY-001,6,0.00%
A95X_F3Air_II,6,0.00%
XBHG6780,6,0.00%
SM-A156E,6,0.00%
MYVIUM-K8+,6,0.00%
VIM3,6,0.00%
LAT-FAST,6,0.00%
miniQ3,6,0.00%
franklin,6,0.00%
MXQ9PRO,6,0.00%
S96Qmax,6,0.00%
GIGABITE,6,0.00%
FREMIX,6,0.00%
EC6108V9C,6,0.00%
MIRKHAN X2,6,0.00%
D55N218-U-T2C-S,6,0.00%
MX10Mini,6,0.00%
HARPER 58U750TS,6,0.00%
DSCS9X,6,0.00%
SG700,6,0.00%
Max,6,0.00%
B860AV5.2-M_3_HI,6,0.00%
Max4,6,0.00%
Mestic_MTV_24_2501,6,0.00%
QTV_X5,6,0.00%
G7max,6,0.00%
321_2831P738_1G_4G_MIANHONG_LEDTV_LC430DUY_PANEL1-SHA1_DVBT2,6,0.00%
DS-110,6,0.00%
H96_MAX_X4,6,0.00%
AFTMM,6,0.00%
M304A,6,0.00%
LX352,6,0.00%
GERMANTECHAndroidTV,6,0.00%
AML311D2,6,0.00%
Listen,6,0.00%
D32N218-T2S2-S,6,0.00%
AIbox,6,0.00%
R98PRO,6,0.00%
X30H,6,0.00%
CM311-5,6,0.00%
Smart Monitor,6,0.00%
YH6,6,0.00%
TX6 mini,6,0.00%
EVBOX-PLUS,6,0.00%
K11,6,0.00%
m RaY,6,0.00%
H96_Max_W2,6,0.00%
STV6578,6,0.00%
D1 Pro,6,0.00%
NTV,6,0.00%
X96Air_2101W,6,0.00%
Unitv S1,6,0.00%
M96MAX,6,0.00%
KRAFT-KTV-G55UHD02T2CIWL,6,0.00%
Tanix A3,6,0.00%
M973Q,6,0.00%
G011A,6,0.00%
Google TV,6,0.00%
Ghostware-Max-M9,6,0.00%
S905L3,6,0.00%
A133P,6,0.00%
Q3,6,0.00%
I96-D10,6,0.00%
BLUTV,6,0.00%
mx,6,0.00%
POLARLINE_WK_24PL51TC-SM,6,0.00%
Qianshi Star,6,0.00%
L3A_S116,6,0.00%
阿森4K机顶盒,6,0.00%
aurora-elite,6,0.00%
S905L3A L3AB,6,0.00%
ETSALAT,6,0.00%
DYM-HA131-NC,5,0.00%
B13,5,0.00%
Y4,5,0.00%
SMART_TV_ETA,5,0.00%
Vontar_X3_2101,5,0.00%
D65A224-U-T2-S,5,0.00%
Hi3798CV200,5,0.00%
UNT413A-U2,5,0.00%
EGP531,5,0.00%
GLOBAL,5,0.00%
TIGER,5,0.00%
SMART_TV_4257,5,0.00%
K50DLH8US,5,0.00%
HK1_Box,5,0.00%
EVPAD-5S+,5,0.00%
X96S5G_P,5,0.00%
H96maxX3,5,0.00%
SMART_TV_3257,5,0.00%
TX3 Max,5,0.00%
RLIV_Smart_24_V11,5,0.00%
ONRIK-007PRO,5,0.00%
LUO-V71MAX,5,0.00%
TX2000PRO 5G,5,0.00%
G-300,5,0.00%
iwpro,5,0.00%
IMBOX,5,0.00%
D236H19-T2S2-S,5,0.00%
K55DLG8US,5,0.00%
MX9 5G,5,0.00%
R69,5,0.00%
Streamgenietv,5,0.00%
UNRULY,5,0.00%
X96MaxPlus_2101,5,0.00%
G7pro,5,0.00%
V10 Pro,5,0.00%
OCTAStream_Q1ELITEP,5,0.00%
MPA4432W_Plus,5,0.00%
D60 MXQ PRO,5,0.00%
GTV2755_2306,5,0.00%
K50DLJ10US,5,0.00%
EC6110M/T,5,0.00%
POLAR_W_P32L32T2CSM,5,0.00%
T8,5,0.00%
D55A114-U-T2C-S,5,0.00%
X96Max_V311_P,5,0.00%
PVBOX-P4,5,0.00%
WANTENGAndroidTV,5,0.00%
p291_iptv,5,0.00%
ATOM-216AM,5,0.00%
CM311-1A,5,0.00%
D43A114-F-T2-S,5,0.00%
CZPRO,5,0.00%
ET-PJO1,5,0.00%
RTV55SG7N/B,5,0.00%
43LF1204,5,0.00%
TIVIBOX 7,5,0.00%
X96_S400,5,0.00%
SC-TV1901,5,0.00%
HT6,5,0.00%
D395A114-F-T2-S,5,0.00%
t7_an400,5,0.00%
LE-U5070VSD,5,0.00%
LE-U5570VSD,5,0.00%
Q-A106,5,0.00%
Sinergy,5,0.00%
B13.,5,0.00%
N.H352.819,5,0.00%
Android9-6110,5,0.00%
hi352t_zsn2,5,0.00%
HARPER 75Q850TS,5,0.00%
A95XF4,5,0.00%
PlanetaPL Box 2022,5,0.00%
redroid14_x86_64,5,0.00%
X99_MAX.100m,5,0.00%
2107113SI,5,0.00%
TX5,5,0.00%
TX3 Pro 1.9d1,5,0.00%
Android TV S1,5,0.00%
PRO TV,5,0.00%
M8MiniGame,5,0.00%
hi352t_zsn4,5,0.00%
神马盒子,5,0.00%
TOX4,5,0.00%
T2,5,0.00%
CM311-1a-YST,5,0.00%
S905L3-3B通刷,5,0.00%
HG680MC_A_IPTV_ZNYY_HUNAN,5,0.00%
75JUT7900SM,5,0.00%
Life Series H8,4,0.00%
Kona for arm64,4,0.00%
STAT-100,4,0.00%
MG4,4,0.00%
M96-H,4,0.00%
HiDPTAndroid Hi3751V352,4,0.00%
SMUX BOX A1,4,0.00%
ASUS_AI2205_A,4,0.00%
x301,4,0.00%
M5pro,4,0.00%
VIETBOX,4,0.00%
nG_SMART_TV,4,0.00%
redi,4,0.00%
BossV4,4,0.00%
X88Pro13.smartTV.LGX6521S,4,0.00%
Royal Platinum Ultra,4,0.00%
MCT-70HPQ-POE,4,0.00%
CAIXUN Android TV,4,0.00%
KH6,4,0.00%
BT-S1,4,0.00%
Global_Edition_S800,4,0.00%
NETWIT_P12039S,4,0.00%
EVPAD-2S-T,4,0.00%
D16,4,0.00%
SMART_TV_MC,4,0.00%
CPH1823,4,0.00%
X88Pro13.dile.smartTV.8800.F2020_1.0.0,4,0.00%
D50N218-U-IS-S,4,0.00%
FASTid MIV5,4,0.00%
X96Max_Plus_2W,4,0.00%
Selenga,4,0.00%
D50A214D-U-IS-S ,4,0.00%
ALD_15702_2401,4,0.00%
X96Q_hx,4,0.00%
MITO_3255,4,0.00%
TVBOX-02,4,0.00%
GTKing_PRO,4,0.00%
RX-32F02FB,4,0.00%
RLIV_Smart_32_V11,4,0.00%
MLT43USD02G,4,0.00%
MTL_352_H9_B,4,0.00%
P4K,4,0.00%
Rugged Tablet,4,0.00%
hi352t_zsn2_a14,4,0.00%
SMART_TV_1920_1080,4,0.00%
SuperBOX_S1PRO,4,0.00%
X5,4,0.00%
POTECH X3,4,0.00%
LE-3270SD,4,0.00%
mt9255t_zsn3,4,0.00%
RTV85SF8T,4,0.00%
LH5054UHS-B1AG,4,0.00%
IZIBOX pro,4,0.00%
HI3798MV300,4,0.00%
Boxus-S2,4,0.00%
legou,4,0.00%
OrangeTV.,4,0.00%
H6S,4,0.00%
50ULX9050T2,4,0.00%
UNT403AS,4,0.00%
POLARLINE_W_43PL51TC-SM,4,0.00%
Q96A1,4,0.00%
SmartTV-D50N218,4,0.00%
i96 Pro,4,0.00%
X4,4,0.00%
DUB3800,4,0.00%
Power Ultra,4,0.00%
42FLX9060T2,4,0.00%
SmartTV-D43A214,4,0.00%
K12-kbox,4,0.00%
LGA311D2,4,0.00%
183_D08081318_D32A124-IS-S_SQY_2831P588_LK315T3HB87_1G_4G,4,0.00%
TDTV40BS04F,4,0.00%
LX560,4,0.00%
SmartTV-D60A214,4,0.00%
RL01,4,0.00%
TG-116,4,0.00%
50ULEA73T2SM,4,0.00%
ART448,4,0.00%
GhostBox,4,0.00%
MTBA_ATV,4,0.00%
MDTV_5G,4,0.00%
D32N18-T2-S,4,0.00%
SKYLINE-32YST5970,4,0.00%
ShowBox,4,0.00%
Android TV ATM60,4,0.00%
E900V22D,4,0.00%
EVPAD-5MAX,4,0.00%
X96Air_100W,4,0.00%
SM-G7810,4,0.00%
VISION XS106MINI,4,0.00%
AirMax,4,0.00%
SUN TVBOX,4,0.00%
Yagala,4,0.00%
MI 9,4,0.00%
POP,4,0.00%
S-1000,4,0.00%
POLARLINE_W_24PL51TC-SM,4,0.00%
SM-G9730,4,0.00%
DT1901A,4,0.00%
GhostBox-X4-V28,4,0.00%
V1938CT,4,0.00%
G3X,4,0.00%
NexView,4,0.00%
TDTV32BS01H_BK,4,0.00%
x3,4,0.00%
M30,4,0.00%
FUN,4,0.00%
LED-WD55SM,4,0.00%
B863AV3.1-M2_739,4,0.00%
TX2 PRO,4,0.00%
X96Max_P,4,0.00%
V1824A,4,0.00%
AUTVBOX-2A,4,0.00%
S905L3A-3AB by qq86561014,4,0.00%
TV-CM311-1s-CH-5,4,0.00%
E900V22C-3B,4,0.00%
XPLUS,4,0.00%
MX9 4K 5G V8.0,4,0.00%
FT link,4,0.00%
Sunwell_T95U,4,0.00%
AN-812S,4,0.00%
pendoo X12 PRO,4,0.00%
D50A228D-U-T2-S,4,0.00%
RUPA.TVLauncher.LGX6521S.F1010,4,0.00%
CBOX PRO,4,0.00%
TV-860,4,0.00%
AKARI_AX-117,4,0.00%
A5XMAX.8822.d4,4,0.00%
D236H19-T2-S,4,0.00%
Smart AIO TV,4,0.00%
QZX_C1,4,0.00%
UNT413A-U3,4,0.00%
Lahaina for arm64,4,0.00%
SM-A536E,3,0.00%
rk322x-box,3,0.00%
R1 PLUS,3,0.00%
AX810,3,0.00%
Premium Smart TV,3,0.00%
ASUS_AI2401_C,3,0.00%
MAGICNEO,3,0.00%
MQT55USD03,3,0.00%
X96MATE,3,0.00%
RTV75SF8T/B,3,0.00%
YSE-905X3A,3,0.00%
iSinbox,3,0.00%
SV-12,3,0.00%
YouXia_X3,3,0.00%
X88Pro14.F1010,3,0.00%
ROYALTV,3,0.00%
TX8 Max+,3,0.00%
12 MAX,3,0.00%
SM-G977N,3,0.00%
TB-G01,3,0.00%
8K Media,3,0.00%
AX95,3,0.00%
D55S218-U-T2C-S,3,0.00%
MX1,3,0.00%
X96Q_PRO2,3,0.00%
8227L_demo,3,0.00%
Q9S PRO-B,3,0.00%
Raspberry Pi 4,3,0.00%
MTL_V352_Z2_E,3,0.00%
X96Q_osl,3,0.00%
D65A214-U-IS-S,3,0.00%
VDU4t,3,0.00%
智能4K-尊享版,3,0.00%
248_2831P588_1G_4G_MIANHONG_PEKOP_LC320DXY-SLA6_DVBT2,3,0.00%
X4 ATV,3,0.00%
X96Max_Plus2_AI,3,0.00%
GNGLD65,3,0.00%
CM311-1-YS,3,0.00%
X88proX3.100m,3,0.00%
yzcx_zeasn,3,0.00%
AEWISH,3,0.00%
CM311-1sa-ZG,3,0.00%
X96Q5G,3,0.00%
TWBS2019120467,3,0.00%
TX3 pro,3,0.00%
Android_9.0,3,0.00%
Smart TV Pro,3,0.00%
ultra_4g,3,0.00%
D43N218-F-IS-S,3,0.00%
D415A214-F-T2S2-S,3,0.00%
H96_MAX_M10,3,0.00%
M11 MAX,3,0.00%
VONTAR X4,3,0.00%
FAMILY TV SUPER,3,0.00%
D55N218-U-P-S,3,0.00%
Nexus 10,3,0.00%
RUPA.smartTV.8800.F1010_1.0.0,3,0.00%
U55G5N,3,0.00%
TV3,3,0.00%
GP9,3,0.00%
S5,3,0.00%
SC01,3,0.00%
YouBox V3,3,0.00%
GMR-65.2023 SMART,3,0.00%
Amlogic_S905L3AB,3,0.00%
LED_43USD02,3,0.00%
HK1 PLUS,3,0.00%
D43A114-F-A-S,3,0.00%
LUO,3,0.00%
ROYAL,3,0.00%
TVBOX=GAME,3,0.00%
8mate,3,0.00%
INV-U50G7U,3,0.00%
DOLPHIN,3,0.00%
ZHZ-T30,3,0.00%
50ULES90T2SM,3,0.00%
S-Box8L44C,3,0.00%
24YST5970,3,0.00%
V88PRO,3,0.00%
EC6108V9_8G,3,0.00%
K58DLJ10US,3,0.00%
TDTV32BS01H,3,0.00%
UNT403A,3,0.00%
S8,3,0.00%
H713,3,0.00%
FI_TV2407,3,0.00%
TF-LED32S73T2S,3,0.00%
TX95,3,0.00%
DLP43-M7700S,3,0.00%
KRAFT_KTV-P32HD03T2CIWL,3,0.00%
Retrobox-Brasil,3,0.00%
TDTV32BS02H,3,0.00%
D65N218-U-T2S2-S,3,0.00%
SMART2KTV,3,0.00%
WeChip_v9,3,0.00%
AB-R7,3,0.00%
H50G7L-S,3,0.00%
Series,3,0.00%
Bt_50FSU42B,3,0.00%
SMART_TV_32,3,0.00%
TV358DVB,3,0.00%
FB-102,3,0.00%
H32H5000SA,3,0.00%
TS-1,3,0.00%
SmartBox,3,0.00%
G96MINI,3,0.00%
DL2030,3,0.00%
D415A114-F-T2C-S,3,0.00%
55ULX9050T2,3,0.00%
D395A224-F-T2-S,3,0.00%
SM-S9280,3,0.00%
FCHP,3,0.00%
EVBOX-5PRO,3,0.00%
TB216-B2,3,0.00%
M401A-SM0,3,0.00%
EVBOX-5MAX,3,0.00%
V31,3,0.00%
EASYTV-3S,3,0.00%
B11.,3,0.00%
SV6,3,0.00%
SM-A546E,3,0.00%
DLT-A0,3,0.00%
atv,3,0.00%
A95X_F3_Air,3,0.00%
Kansat,3,0.00%
ASUS_I003DD,3,0.00%
Pixel 4,3,0.00%
HARPER 65U660TS,3,0.00%
X6-PRO,3,0.00%
TX8,3,0.00%
SKW-A0,3,0.00%
SmartTV-D32A114,3,0.00%
REDPLAY,3,0.00%
X96AIR_Q1000,3,0.00%
TB232-B1,3,0.00%
TD65UFBSV2,3,0.00%
H96 Mini,3,0.00%
W2T,3,0.00%
SM-G955N,3,0.00%
TF-LED32S18T2S,3,0.00%
WUDUNG W01,3,0.00%
X96Mate,3,0.00%
Smart41,3,0.00%
XS97Q+,3,0.00%
H96 max +,3,0.00%
X3PRO,3,0.00%
H6pro,3,0.00%
Manhattan,3,0.00%
MLT43USD02,3,0.00%
POLARLINE_WK_32PL13TC-SM,3,0.00%
UNI-PRO,3,0.00%
A95X_F3,3,0.00%
GM1900,3,0.00%
MoguGame,3,0.00%
TX3PRO,3,0.00%
x10W,3,0.00%
TV,3,0.00%
SY-01,3,0.00%
BTV,3,0.00%
32LX9050T2,3,0.00%
RMX1931,3,0.00%
Mobile Box_Max,3,0.00%
rk3399-Android11,3,0.00%
TVBox,3,0.00%
MXQ PRO 5G BT,3,0.00%
ERZA,3,0.00%
X88Pro13.8800.F1010_1.0.0,3,0.00%
PRO01,3,0.00%
TLANQ,3,0.00%
Google-Box-s,3,0.00%
ESM-1650,3,0.00%
GhostBox_Pro,3,0.00%
CM311-5-ALL,3,0.00%
ROYAL-B9S10UHD,3,0.00%
B860AV3.1,3,0.00%
DQ06,3,0.00%
X11,3,0.00%
GB002,3,0.00%
S96Q,3,0.00%
HIMOST,3,0.00%
im,3,0.00%
Z5,3,0.00%
A13,3,0.00%
EVPAD-6GEN2,3,0.00%
H6,3,0.00%
E900V22E,3,0.00%
INTBOX,3,0.00%
SuperBOX_S7MAX,3,0.00%
rk322x_box,3,0.00%
RO01,3,0.00%
M100,3,0.00%
China_HI_TV,3,0.00%
rk322x_v4,3,0.00%
X20pro,3,0.00%
hyundai,3,0.00%
PANORA,2,0.00%
D32GV66C-TCS2-S,2,0.00%
X3 Mini,2,0.00%
TX3mini Plus,2,0.00%
EVBOX-10MAX-888,2,0.00%
EvoTV 4,2,0.00%
MAGIC,2,0.00%
Gloria 65 Smart,2,0.00%
B860AV3.1M2-005,2,0.00%
SCG02,2,0.00%
SM-J730G,2,0.00%
SM-A528B,2,0.00%
280_2831P738_1G_4G_MIANHONG_GOLDER_HV490FHB-N8APQ_DVBT2_HD_Russia_,2,0.00%
K24DLM8FS,2,0.00%
M20_EN,2,0.00%
MiniQ01,2,0.00%
ViettelTV 4K Box,2,0.00%
MAWAQITBOX V2,2,0.00%
GBM1,2,0.00%
G7stick,2,0.00%
CM311-1S-ALL,2,0.00%
T6 PRO,2,0.00%
X96S_P,2,0.00%
WTK-023D,2,0.00%
Phoenix,2,0.00%
D1,2,0.00%
SM-A908N,2,0.00%
A12,2,0.00%
KSTB6188,2,0.00%
IM-43WHD2,2,0.00%
AG60S,2,0.00%
SmartDisplay_AT,2,0.00%
POLARLINE_W_32PL55TC-SM,2,0.00%
AMAZING,2,0.00%
FME 4K,2,0.00%
TT01,2,0.00%
S96Stick,2,0.00%
cv6a358_international,2,0.00%
K24DLM8HS,2,0.00%
AD930H32,2,0.00%
M2010J19CG,2,0.00%
X88Pro 13,2,0.00%
POLAR_W_P32L34T2CSM,2,0.00%
ASUSAI2501B,2,0.00%
OCTAStream_Q1MAXP,2,0.00%
SC_96Q,2,0.00%
STV930N42,2,0.00%
Pro One 8K Plus,2,0.00%
ALD_15243_2304,2,0.00%
Y03,2,0.00%
RainbowTV,2,0.00%
CORALSTAR,2,0.00%
OMNIFIT KIOSK,2,0.00%
EVPAD-PRO-MAX,2,0.00%
HD57,2,0.00%
ASUS_AI2401_D,2,0.00%
NANO MAX,2,0.00%
ELITE2,2,0.00%
A350,2,0.00%
GEEKTV PRO,2,0.00%
EVBOX-3R,2,0.00%
HR-1,2,0.00%
AX117 ATV,2,0.00%
mt9255l_ek_zsn3,2,0.00%
311-5,2,0.00%
MXQ-POR,2,0.00%
F260,2,0.00%
GoMedia,2,0.00%
TB208-B1,2,0.00%
MX10 MAX,2,0.00%
D75RWS114-U55-T2-S,2,0.00%
IP203H_54MA1,2,0.00%
Orion3368-Android10,2,0.00%
TF-LED32S77T2S,2,0.00%
X96_X6,2,0.00%
Mestic_MTV_27_2501,2,0.00%
K55DLY8US,2,0.00%
MXQ 4K,2,0.00%
294_2831P588_1G_4G_MIANHONG_Burma_GOLDER_HV320WHB-N5B_DVBT2,2,0.00%
TimeSat,2,0.00%
Axiom android,2,0.00%
D85D16-U-T2S2-S,2,0.00%
Q96R8,2,0.00%
magic tv box.ili NK 112.ili NK 112,2,0.00%
AV-M9,2,0.00%
Amlogic S905L3A,2,0.00%
TWBS20100067,2,0.00%
S905X4,2,0.00%
CHASE-V1,2,0.00%
Q55SQY01-U-T2-S,2,0.00%
SQ2-BOX,2,0.00%
Pixel,2,0.00%
42GS11000,2,0.00%
D50N218-U-T2S2-S,2,0.00%
SM-G950U,2,0.00%
X20,2,0.00%
50U660TS,2,0.00%
TDTV24BS01H,2,0.00%
E40EL1100,2,0.00%
Emagen Tv,2,0.00%
SO-01J,2,0.00%
IX Pro 75 Smart 4K S2,2,0.00%
VORKE Z6,2,0.00%
X15series,2,0.00%
we40,2,0.00%
IFP,2,0.00%
N5Max_X4,2,0.00%
55U-Class/MFT2S2,2,0.00%
POLAR_WK_P32L32T2CSM,2,0.00%
Anmax,2,0.00%
HY360,2,0.00%
HTV DOS HTV3,2,0.00%
Dany AX-50,2,0.00%
mt9255t_zsn4,2,0.00%
X96S_V311_P,2,0.00%
I96D11,2,0.00%
TV M4,2,0.00%
TB216-B3S,2,0.00%
TB432-B3S,2,0.00%
pklns,2,0.00%
Vontar_X3,2,0.00%
HC1,2,0.00%
SH Pro,2,0.00%
TV stick,2,0.00%
T3_TREADMILL,2,0.00%
TX8 Pro,2,0.00%
3Pro,2,0.00%
TF-LED42S18T2S,2,0.00%
C6110,2,0.00%
5G Faster pro,2,0.00%
Amlogic,2,0.00%
AmlogicS905L3_OTT,2,0.00%
X92,2,0.00%
sdk_gphone64_arm64,2,0.00%
Chanyul,2,0.00%
team_TV,2,0.00%
VONTAR H728,2,0.00%
KKTV-Android-TV-350,2,0.00%
LB-HMB545,2,0.00%
DBS55-036,2,0.00%
OCTAStream_Q1ELITEQ,2,0.00%
LE-F4370VSD,2,0.00%
ZTV,2,0.00%
SM-P615N,2,0.00%
T95ZPLUS,2,0.00%
mt9255t_zsn3_mis,2,0.00%
X8TMAX,2,0.00%
P1700,2,0.00%
STV-S2 PRO,2,0.00%
Smart tv,2,0.00%
V2,2,0.00%
benq.KAC5,2,0.00%
SM-N9700,2,0.00%
XTK-S905W2BT,2,0.00%
SPIRIT-PRO,2,0.00%
SM-N9760,2,0.00%
X88MINI13.6256.F1010_1.0.2,2,0.00%
H2,2,0.00%
86T31V,2,0.00%
MKTV+   TV BOX,2,0.00%
OLTO-43ST20U,2,0.00%
Pro Series,2,0.00%
HARPER 55U660TS,2,0.00%
ETISALAT,2,0.00%
S905LTS,2,0.00%
RSE23,2,0.00%
MAGIC_Q99,2,0.00%
P1500,2,0.00%
A10,2,0.00%
F1 Series,2,0.00%
ZC-339A,2,0.00%
NX627J,2,0.00%
YGDS,2,0.00%
TDTV32BS04H,2,0.00%
A95XW2,2,0.00%
32LEA71T2SM,2,0.00%
SCD90,2,0.00%
SUT-75S7L,2,0.00%
K10Pro,2,0.00%
184_D08081118_D395A124-F-IS-S_SQY_2831P738_V400HJ6-PE1C3_1G_4G,2,0.00%
JetStreams,2,0.00%
TY222K,2,0.00%
BD8,2,0.00%
H9380P-C,2,0.00%
WINBOX-MAX,2,0.00%
SStream_M2,2,0.00%
Akari AX-117 ATV,2,0.00%
Null,2,0.00%
X96Q super,2,0.00%
W2 Ultra,2,0.00%
50Q-Class/MFT2S2,2,0.00%
SM-S9210,2,0.00%
K1100UA,2,0.00%
Android.TV.LGX6521S.8800.F14.F2040,2,0.00%
SD50,2,0.00%
X96Air_A1000,2,0.00%
M96Plus,2,0.00%
Hi3798MV310,2,0.00%
POLAR_WK_P32L21T2SCSM,2,0.00%
HARPER 55Q850TS,2,0.00%
T95mini,2,0.00%
50RU92,2,0.00%
A95X F3 Slim,2,0.00%
9 TZ_3,2,0.00%
D75RWS114-U-T2-S,2,0.00%
SKYSTREAM_3Plus_ATV,2,0.00%
A95X F3,2,0.00%
A95X F2,2,0.00%
GAMES,2,0.00%
HARPER 50Q850TS,2,0.00%
YouTubeBox,2,0.00%
MR7A,2,0.00%
H96 mini V8,2,0.00%
SW50LED,2,0.00%
SC-TV96,2,0.00%
GT1u,2,0.00%
Leelbox,2,0.00%
UNT403G3_GS,2,0.00%
HATV,2,0.00%
SARDINE,2,0.00%
E900V20D_689,2,0.00%
ZoomtakH8,2,0.00%
V1916A,2,0.00%
MXQ_pro,2,0.00%
24LH7020T,2,0.00%
M10B,2,0.00%
Y4006,2,0.00%
Y8 PRO,2,0.00%
A1tvelit4P,2,0.00%
POLAR_W_P40L33T2CSM,2,0.00%
SM-G965N,2,0.00%
U6,2,0.00%
HI_JcHz,2,0.00%
MA4000,2,0.00%
PRO12,2,0.00%
TYC4A,2,0.00%
Somershade-4K,2,0.00%
Amlogic S905L3,2,0.00%
t982_ar301,2,0.00%
E50DM2100,2,0.00%
TX5_plus,2,0.00%
R89-PRO-8K-4D,2,0.00%
Q1,2,0.00%
Streamaster,2,0.00%
BOX TV,2,0.00%
AOC-Y13,2,0.00%
T15PRO,2,0.00%
EP-TV004,2,0.00%
TX92,2,0.00%
S4 Pro,2,0.00%
SM-A715F,2,0.00%
M401A,2,0.00%
TF-LED42S60T2S,2,0.00%
AMZ-24-MY,2,0.00%
C1,2,0.00%
"Standard PC (Q35 + ICH9, 2009)",2,0.00%
CRD45-SMART7,2,0.00%
TV-CM311-1sa-ZG-3,2,0.00%
LE_6510G,2,0.00%
CM311-5-ZG_IPTV_HUNAN,2,0.00%
4KBox,2,0.00%
Alpha,2,0.00%
iboite_e,2,0.00%
XSMART slim,2,0.00%
ZO-1065-S4K,2,0.00%
HG680MC,2,0.00%
CBox MaxHD+,2,0.00%
PRO-M2,2,0.00%
HK1 MINI,2,0.00%
L3260N,1,0.00%
EC6108V9_pub_gdydx,1,0.00%
DS9100,1,0.00%
ASUS_AI2201_A,1,0.00%
SPX432-00,1,0.00%
NX733J,1,0.00%
22081283C,1,0.00%
RMX3910,1,0.00%
DEXP Shell LSC320AN10,1,0.00%
A4111,1,0.00%
C5 pro,1,0.00%
XC96X3TV,1,0.00%
G96max H616,1,0.00%
hi352t_adcus,1,0.00%
Google TV Streamer,1,0.00%
M101,1,0.00%
TDTV24BS02H,1,0.00%
AM335XEVM,1,0.00%
D32N218H-IS-S,1,0.00%
KIUI_3128_FG,1,0.00%
257_2831P588_1G_8G_T2_KECHAODA_MU_India,1,0.00%
ZO-1075-S4K,1,0.00%
CAMEL_AP2010,1,0.00%
iD18,1,0.00%
S702,1,0.00%
X96_X4,1,0.00%
CPH2529,1,0.00%
SM-A236M,1,0.00%
MYNETTV-2H,1,0.00%
DL,1,0.00%
M2007J17C,1,0.00%
S700,1,0.00%
SM-F936U,1,0.00%
Redmi Note 5,1,0.00%
X2MAX,1,0.00%
21121119VL,1,0.00%
QUAD-CORE A133 c3 nfc Lp4,1,0.00%
Lemon2,1,0.00%
PREMIER,1,0.00%
"65""U-Class/T2S2",1,0.00%
F130.smartTV.8800.F1010_1.0.0,1,0.00%
AWDMPF8BB,1,0.00%
22041216UC,1,0.00%
PDSM00,1,0.00%
V2218A2,1,0.00%
DV-X70,1,0.00%
"50"" Smart TV",1,0.00%
43LEX_7127_FTS2C,1,0.00%
MediaKingeliteP,1,0.00%
X88pro.hxj.p2.0.6256.d4,1,0.00%
DRCC_Q40A,1,0.00%
EVPAD-2S-MAX,1,0.00%
TX1-S,1,0.00%
SH,1,0.00%
willfon lite,1,0.00%
RK3399-S9932,1,0.00%
YF_024E,1,0.00%
Astarite_Halo,1,0.00%
WD55UAPSA,1,0.00%
orangepi5,1,0.00%
FPT Play,1,0.00%
ZoomtakS22,1,0.00%
I96 Z8,1,0.00%
M98MAX,1,0.00%
R69PLUS,1,0.00%
PANDA,1,0.00%
IM-32WHD2,1,0.00%
HUB99,1,0.00%
AURORA PRO,1,0.00%
MediaKingPROP,1,0.00%
AFTSS,1,0.00%
lgd,1,0.00%
HK1,1,0.00%
keruan,1,0.00%
KIII,1,0.00%
SM-A035M,1,0.00%
AE4820,1,0.00%
DH32_1GB,1,0.00%
JmGO_J6,1,0.00%
55LEX_8158_UTS2C,1,0.00%
Cskytv-CM201-2-XX,1,0.00%
1AA06_Z22P,1,0.00%
SL-LED32S49T2S,1,0.00%
CM311-1-ZG,1,0.00%
bandra,1,0.00%
D32A214A-T2CS2-S,1,0.00%
GLOBAL TV,1,0.00%
M4 Pro,1,0.00%
D40A214-F-T2-S,1,0.00%
Mestic_MTV_19_2501,1,0.00%
EC6108V9,1,0.00%
D50N218-U-T2-S,1,0.00%
ZF02,1,0.00%
6108v9c,1,0.00%
Droidlogic,1,0.00%
CM201-2-CH3,1,0.00%
EVPAD-PRO-TW,1,0.00%
12MAX,1,0.00%
BOSSTV_V3_Pro,1,0.00%
32LES90T2SM,1,0.00%
GTV-40RH614N,1,0.00%
S11,1,0.00%
EVPAD-3MAX+,1,0.00%
K50DLY8US,1,0.00%
N.H518.819,1,0.00%
N.H352.801.V4,1,0.00%
P2,1,0.00%
65U-Class/FT2S2,1,0.00%
SD150,1,0.00%
AK-41,1,0.00%
D395A215-F-T2-S,1,0.00%
ahgg4K,1,0.00%
32LX9051T2,1,0.00%
X30,1,0.00%
POLARLINE_W_32PL53TC-SM,1,0.00%
32HSQ2020T2,1,0.00%
MQT50USD03,1,0.00%
SC-TV98,1,0.00%
308_2831P588_1G_4G_MIANHONG_Burma_GOLDER1_HV320WHB-N86_DVBT2,1,0.00%
N.H35.802,1,0.00%
DCO-AL00,1,0.00%
IN2025,1,0.00%
TF4339AS-B1AG,1,0.00%
INTV-120,1,0.00%
STARSAT Android TV,1,0.00%
KB2001,1,0.00%
TL074,1,0.00%
LeOSD1,1,0.00%
MS848,1,0.00%
EST,1,0.00%
sapienttech ray 2s,1,0.00%
D86D18-U-T2-S,1,0.00%
S2403,1,0.00%
SB11MAX,1,0.00%
DTD75BU 4K SMART TV,1,0.00%
Vision-1,1,0.00%
Q96M1,1,0.00%
4K-TVBOX,1,0.00%
ZC-356,1,0.00%
Q96mini+,1,0.00%
TX5 plus,1,0.00%
CM311-1-a,1,0.00%
MY TV STICK PRO,1,0.00%
V4miniPC_INT,1,0.00%
hi560_zsn4_a14,1,0.00%
XXBOX,1,0.00%
RJ-8050-S4K,1,0.00%
IPAKY,1,0.00%
FO-R15,1,0.00%
T95 ULTRA PRO MAX,1,0.00%
HE2704,1,0.00%
SHARK PAR-A0,1,0.00%
SM-N9600,1,0.00%
H96_ATV,1,0.00%
QM9400-9500-2C,1,0.00%
Hi3798MV100,1,0.00%
ADV-2430A,1,0.00%
k2+,1,0.00%
INV-U65G7U,1,0.00%
MB600,1,0.00%
SM-G9810,1,0.00%
D2400,1,0.00%
rk3568_s,1,0.00%
Cab-MXQ4K-G3,1,0.00%
DISNEY 14,1,0.00%
R26,1,0.00%
Chromecast,1,0.00%
2203121C,1,0.00%
Skystream_Two,1,0.00%
Konka Android TV V352,1,0.00%
redroid11_x86_64,1,0.00%
DMYCO,1,0.00%
Tech Geeks TV,1,0.00%
SM-G955U,1,0.00%
K24DLH8FS,1,0.00%
CBOXAI,1,0.00%
ZQ-PM8U55UHD,1,0.00%
ZH45_X1_PLUS_M,1,0.00%
Dany Amaze AX-50,1,0.00%
K50DLM8US,1,0.00%
"50""LED TV",1,0.00%
XS97 R1,1,0.00%
UniiQ.tv,1,0.00%
K2401/K2401P/k2401M,1,0.00%
X96_X10,1,0.00%
MASTERPRO,1,0.00%
Mbox,1,0.00%
RPCplus,1,0.00%
TS43_series_1GB,1,0.00%
X96Air_P1,1,0.00%
55Q-Class/MFT2S2,1,0.00%
TDTV24CS04H,1,0.00%
Bt_50FSU36B,1,0.00%
HK1 Super,1,0.00%
PCRT00,1,0.00%
SM-F721B,1,0.00%
N1 Max,1,0.00%
XS97 X-W2,1,0.00%
B11,1,0.00%
H6-Pro-BGM,1,0.00%
T95V PRO,1,0.00%
SLM-IB1002,1,0.00%
"55""U-Class/T2S2",1,0.00%
R9,1,0.00%
Myair-tv,1,0.00%
pendoo X10pro,1,0.00%
D385GA064K-T2-S,1,0.00%
32LEA73T2SM,1,0.00%
Q4pro,1,0.00%
MeiGeAndroid,1,0.00%
SMART21,1,0.00%
HK1 MINI+,1,0.00%
GhostBox-X4-V26,1,0.00%
A5010,1,0.00%
RUPA.smartTV.LGX6521S.F1010,1,0.00%
IPTV,1,0.00%
F0-R10,1,0.00%
mg4max,1,0.00%
SuperTV,1,0.00%
T9 PRO MAX,1,0.00%
50U-Class/MFT2S2,1,0.00%
Z-10_Max,1,0.00%
BR-1150-S4K,1,0.00%
T8 Pro,1,0.00%
X96Mini_5G,1,0.00%
Pixel 4 XL,1,0.00%
X88MiNi14TV.F1010,1,0.00%
GREVA.smartTV.8800.F1010_1.0.0,1,0.00%
TF-LED32S75T2S,1,0.00%
D39GA064-T2S2-S,1,0.00%
55ESU800,1,0.00%
X88 PRO,1,0.00%
TEK22W11E,1,0.00%
V2218A,1,0.00%
A95X_F2_SP,1,0.00%
GTX-R10i Pro,1,0.00%
XS97_PLUS,1,0.00%
Tripsky Projcetor,1,0.00%
GIALLA,1,0.00%
10MOONS_TM8_64,1,0.00%
RPC mini,1,0.00%
DCU150,1,0.00%
SM-A5560,1,0.00%
SKYSTREAM_PRO,1,0.00%
GK2_RK3518,1,0.00%
K26,1,0.00%
Interactive Flat Panel,1,0.00%
M9632V1_CPF1_0,1,0.00%
8715,1,0.00%
ROG Maximus P9.0,1,0.00%
65ESQ800,1,0.00%
H8X,1,0.00%
H10 play,1,0.00%
TVB-48016,1,0.00%
TV848DTMB,1,0.00%
CM311-1SA-CH,1,0.00%
YESIDO TV11,1,0.00%
UNT403A-U_HN,1,0.00%
redroid12_x86_64_only,1,0.00%
P_DJ4112A,1,0.00%
316_2831P738_1G_4G_MIANHONG_GOLDER_LC430DUY-SHA1_DVBT2,1,0.00%
A10_3588,1,0.00%
TV-BOXL,1,0.00%
M99,1,0.00%
android TV Stick,1,0.00%
MT8139,1,0.00%
A95X-miniQ3,1,0.00%
CPH2083,1,0.00%
668_B860AV3.2-M_2024,1,0.00%
Y445,1,0.00%
V1938T,1,0.00%
M401H_CMIOT20_ZJ42,1,0.00%
STAR MAX,1,0.00%
FO-R7,1,0.00%
D9 PRO 5G,1,0.00%
S12 PRO,1,0.00%
TV98H,1,0.00%
TX98,1,0.00%
V1923A,1,0.00%
t982,1,0.00%
KI1101,1,0.00%
UNT413HS,1,0.00%
Tvbox,1,0.00%
VISION XS107MINI,1,0.00%
U1 PRO,1,0.00%
SL01,1,0.00%
GT8 PRO,1,0.00%
XS311-3,1,0.00%
SMV-2050,1,0.00%
H3C,1,0.00%
GM12,1,0.00%
TVS-93,1,0.00%
Netflis VIII,1,0.00%
V2031A,1,0.00%
OPD2413,1,0.00%
Somershade-6K,1,0.00%
S905W-ZXS,1,0.00%
M92,1,0.00%
htv box htv3,1,0.00%
LUO-V74,1,0.00%
HK1_BOX,1,0.00%
Google,1,0.00%
SDY-AN00,1,0.00%
EPLAY-3R,1,0.00%
EC6110-M,1,0.00%
Q8PRO,1,0.00%
Z7,1,0.00%
Q9PRO,1,0.00%
rk3368,1,0.00%
Station F1,1,0.00%
UNT403G3_GS_3,1,0.00%
ASUS_I001DA,1,0.00%
P9X4K,1,0.00%
X88MINI13TV.GREVA.LGX6521S.8800.F1010,1,0.00%
NetUP Android IP STB v.4.2.,1,0.00%
HG680LC,1,0.00%
IPB500,1,0.00%
Konka-Projector-R36,1,0.00%
X88 plus,1,0.00%
GTV-1,1,0.00%
PODBOX 1400,1,0.00%
I96 Q2,1,0.00%
T98PRO,1,0.00%
super,1,0.00%
SHIELD Android TV,1,0.00%
X96mini_P,1,0.00%
SmartTV(Ram/ROM:2G/16G),1,0.00%
TV98Q,1,0.00%
MXQ_Estela_Setembro.2023,1,0.00%
SP-MXQPLUS,1,0.00%
H96 Max,1,0.00%
D43S215-F-T2-S,1,0.00%
Tiger,1,0.00%
ampere,1,0.00%
GS-3566-A,1,0.00%
POLARLINE_WK_42PL11TC-SM,1,0.00%
TF-LED32S49T2S,1,0.00%
T95MAX,1,0.00%
rk3399-all,1,0.00%
AI TV,1,0.00%
HG680-KA,1,0.00%
LE-V400HD,1,0.00%
VIRZO_TV,1,0.00%
T95E,1,0.00%
D65S218-U-T2C-S,1,0.00%
TRANSPEED,1,0.00%
N.HSK518.818,1,0.00%
EO104K-BL,1,0.00%
K9,1,0.00%
HKPAD,1,0.00%
PSTV98,1,0.00%
HK1 COOL,1,0.00%
L3A,1,0.00%
E900V20D,1,0.00%
M08,1,0.00%
TX9PRO ATV,1,0.00%
S96Qmini,1,0.00%
K950,1,0.00%
V1936A,1,0.00%
8K618-T,1,0.00%
FUEGO X96 Mate,1,0.00%
HD1900,1,0.00%
OP-DAR32B,1,0.00%
353_B860AV3.1-M2_2024,1,0.00%
UNT413A-U_OTT,1,0.00%
mgv2000_590,1,0.00%
HVX-LED43D-SMART,1,0.00%
Z6,1,0.00%
UNT413A3_GS,1,0.00%
hi352l_ek_vns,1,0.00%
TB208-B2S,1,0.00%
HT1088,1,0.00%
Mortal T1,1,0.00%
MX10+,1,0.00%
D32N218-IS-S,1,0.00%
B860AV3.2-M_668_1,1,0.00%
SM-N976N,1,0.00%
8K Media Deluxe Wifi 6,1,0.00%
PCLM10,1,0.00%
SY900Pro,1,0.00%
ATV,1,0.00%
XC-6012,1,0.00%
VDUHZUZ,1,0.00%
669_B860AV3.2-M_2024,1,0.00%
POLARLINE_W_32PL13TC-SM,1,0.00%
SKYWORTH,1,0.00%
Red 90 +,1,0.00%
hi352t_a14,1,0.00%
Kingbox,1,0.00%
JmGO,1,0.00%
NX629J,1,0.00%
N.H352.818.V4,1,0.00%
Sheltech A02,1,0.00%
LFAD1616,1,0.00%
SP_Smart_Led_Tv,1,0.00%
A95X_F2,1,0.00%
Tripsky-T6,1,0.00%
4you Galaxy,1,0.00%
Tanaka DM12,1,0.00%
D32N218-T2-S,1,0.00%
GM1910,1,0.00%
TVB-48014,1,0.00%
AndroidBox,1,0.00%
TX3pro,1,0.00%
NEXON X8,1,0.00%
H95,1,0.00%
HyperGear Cinemini,1,0.00%
